Customer_ID,Customer_Name,City,Age,Email
1,George Shelton,Grimesmouth,35,jenkinsmorgan@yahoo.com
2,Christopher Mcdonald,Reedside,42,caroline51@romero.com
3,Marcus Johnson,Gibsonmouth,59,danny49@gmail.com
4,Justin Johnson,Lake John,48,lynchdiane@hotmail.com
5,Brandy Murray,Hallchester,20,whitejacqueline@yahoo.com
6,James Lewis,West Juliefurt,57,adam29@hotmail.com
7,Philip Gray,Mcneilberg,63,thomascynthia@gmail.com
8,Sandra King,Hannaberg,41,nicholaschavez@wood.com
9,Alec Ryan,Mollymouth,67,moorekaren@craig.info
10,Mrs. Marie Harrington DDS,New Reneetown,49,alawson@yahoo.com
11,Tiffany Gonzalez,South Monica,64,reeddaniel@gregory.com
12,Christian Martinez,North Terrance,39,djoyce@harris.com
13,Kristy Robinson,Matthewfurt,40,mark07@hotmail.com
14,Pamela Jackson,Port Markside,19,davidpatel@gmail.com
15,Nicole Wilson,Finleyfort,44,sandersjudy@yahoo.com
16,Traci Rodriguez,New Caseyport,59,umorse@patterson.com
17,Eric Byrd,Lake Christopher,19,usmith@solis.info
18,Jennifer Espinoza,Port Cynthiaville,43,kimdaniel@yahoo.com
19,Michael Burton,Jacksonport,34,fosterkyle@yahoo.com
20,Raymond Jefferson,North Markton,57,kimberly18@wilson.com
21,Barbara Riggs,Michaelchester,50,joelthomas@gmail.com
22,Hannah Patterson,East Amanda,26,kathleenrios@bean.info
23,Jonathan Peterson,East Gregory,60,kmaldonado@hotmail.com
24,Samantha Garcia,Harveybury,65,edward17@yahoo.com
25,Madison Poole,Durhamberg,56,brittany58@gmail.com
26,Jessica Gross,South Dana,46,dhayes@yahoo.com
27,Debra Morton,Scotttown,59,newmantiffany@gmail.com
28,Karen Graham,Santanaside,43,ycarpenter@hotmail.com
29,Debra Christian,North Scott,52,kstout@lopez.com
30,Angelica Keith,Vanessaport,67,shepherdmary@hotmail.com
31,John Bishop,Vaughnmouth,42,benjaminzimmerman@warren-bishop.com
32,Allen Rosales,Jamesfurt,41,paul59@gmail.com
33,Daniel Salinas,Rodriguezfurt,30,riveraangela@yahoo.com
34,Spencer Haynes,Baileyport,24,jennifer92@yahoo.com
35,Adam Vaughan,Port Dominiqueview,53,sabrinacollins@hale.com
36,Nathan Freeman,New Michelleton,62,vschneider@gmail.com
37,Melissa Brewer,Wallport,37,bromero@parker-bean.com
38,Ricky Davis II,New Laurie,18,jeremytaylor@gmail.com
39,Elizabeth Perkins,Lake James,25,romeroamber@hotmail.com
40,Joseph Coleman,Ericaberg,63,nancy92@bennett.org
41,Erin Warner,Lake Debbieport,33,xwilliams@ball.info
42,David Martinez,Johnsonstad,31,kylestokes@mckee-lee.org
43,Bryan Herrera,North Renee,29,xhammond@yahoo.com
44,Cathy Robinson,Julieburgh,68,lisasolis@gmail.com
45,Dr. William Warren,East Kristin,40,davidsonmorgan@hotmail.com
46,Brian Lee,Alyssaview,32,mitchellkathryn@cole-palmer.biz
47,Christopher Smith,West Robin,45,lisawilkerson@perry.net
48,Denise Mccann,Coffeyport,51,paulmiller@gmail.com
49,Melissa Martinez,Lindamouth,19,sarah52@johnson.com
50,Katherine Salas,East Karenbury,49,fgilbert@gmail.com
51,Julie Alexander,Coffeyside,40,marydunn@hotmail.com
52,Anthony Everett,Christopherfurt,39,parsonsjohn@gmail.com
53,Rodney Morales,West Amandamouth,68,robertbauer@brown-copeland.info
54,Mark Brown,Emilyview,42,jennifercarter@mendez.org
55,Justin Torres,Carsonstad,39,elizabethmiller@yahoo.com
56,Bailey Duran DDS,Lake Jesustown,39,myerstheodore@hughes.com
57,Courtney Mills,Rosebury,66,john19@sherman.com
58,Jeremy Dalton,Lake Madisonport,69,epollard@white.info
59,Elizabeth Oliver DDS,Wilsonton,59,james30@mahoney-robertson.net
60,Theresa Clark,West Wendyville,23,benjamin34@yahoo.com
61,Matthew Moore,East Paigeberg,32,joshua56@paul-kline.biz
62,Benjamin Smith,Chavezside,60,tylerjimenez@hotmail.com
63,Kirk Carter,Matthewsberg,54,acostachristian@hotmail.com
64,Michael Warner,Penafort,50,manuel15@phillips.com
65,Michael Bradshaw,Crosbyview,25,sergio59@yahoo.com
66,Lori Guerrero,Lake Mitchellmouth,61,jonesdana@yahoo.com
67,Jessica Stephens,Sampsonstad,61,thomascathy@johnson-jones.com
68,Susan Serrano,Lake Michaelstad,22,cherring@hotmail.com
69,Christopher Parker,South Joshuaville,56,xrush@hines-berry.net
70,Laura Roberts,Davisborough,21,redwards@gmail.com
71,Michael Lyons,North Kristinbury,23,fitzgeraldvictor@mcintyre-wilson.com
72,Kathryn Snyder,Port Anne,62,wendymitchell@yahoo.com
73,Andrew Reynolds,Port Kathyborough,49,taylorcharles@roach.com
74,David Davis,Port Molly,69,jenna88@yahoo.com
75,Sara Johnston,Kimtown,47,jenniferho@hotmail.com
76,Yvonne Chambers,Micheleberg,64,william13@young.com
77,Andrew Avila,New John,52,tanner82@hotmail.com
78,Matthew Moon,North Donna,57,parkeryvonne@mendoza.org
79,Kevin Walters,East Alexisbury,69,teresaday@owens-holmes.com
80,Brandon Bailey MD,Alfredview,33,ryanbartlett@guerra.com
81,Shannon Rivera,East Judyhaven,30,fernandodonovan@gmail.com
82,Donna Landry,Lake Brycemouth,67,meghan43@hotmail.com
83,Krista Gibson,Williamville,59,colleenmendez@gmail.com
84,Frank Cordova,Gordonton,47,georgeweber@morgan.com
85,Jose Travis,Stephentown,36,frykelli@curtis-wang.biz
86,Kimberly Gutierrez,South Melaniechester,34,ismall@may-turner.com
87,Isaiah Avila,South Jennifermouth,36,shawn02@yahoo.com
88,Olivia Harris,North Marcberg,45,vmarshall@hotmail.com
89,Tanya Kim,East Joshuashire,43,michelle55@anderson-wood.net
90,Barbara Dudley,Oscarhaven,54,john14@wright-davis.com
91,Cynthia Moore,Shawnchester,43,kwright@yahoo.com
92,Kristen Davis,Port Jacquelineside,40,kathrynjimenez@hotmail.com
93,Susan Murray MD,South Shannon,26,fkoch@gmail.com
94,Kathleen Moran,South Matthew,29,pwagner@aguilar.com
95,Denise Davenport,Rossville,18,pharper@hotmail.com
96,Mrs. Kristen Reyes,Ronaldview,18,amanda16@gmail.com
97,Katie Suarez,Stephaniefort,64,kathryn50@yahoo.com
98,Desiree Tyler,North Marieland,51,michaelroberts@gordon-duran.com
99,Timothy Romero,Davisstad,49,theresalong@grant-diaz.com
100,Diane Evans,New Brian,65,cporter@taylor.info
