Product_ID,Product_Name,Category,Price
1,Single,Food,209.11
2,Several,Home,194.73
3,To,Electronics,41.37
4,Write,Clothing,474.71
5,Always,Clothing,567.02
6,White,Clothing,70.38
7,Will,Food,776.65
8,Continue,Clothing,456.02
9,Key,Food,526.77
10,Us,Clothing,443.56
11,Third,Home,403.76
12,Control,Food,561.84
13,World,Clothing,159.46
14,Wide,Electronics,186.02
15,Although,Food,862.48
16,Think,Electronics,946.38
17,Industry,Electronics,376.44
18,Store,Electronics,274.39
19,Mission,Electronics,645.78
20,Cultural,Clothing,411.69
21,Write,Clothing,30.26
22,Smile,Food,160.37
23,Turn,Food,717.39
24,With,Food,660.63
25,Figure,Clothing,31.96
26,Under,Food,225.86
27,Always,Electronics,234.92
28,Act,Clothing,673.53
29,Fire,Food,24.61
30,Out,Electronics,108.59
31,Player,Food,800.92
32,Both,Home,182.65
33,Without,Food,654.48
34,Government,Home,241.99
35,Feel,Food,103.94
36,Look,Food,246.96
37,Put,Clothing,723.66
38,Of,Clothing,856.42
39,Need,Home,831.07
40,Minute,Clothing,400.2
41,Visit,Electronics,669.74
42,Wrong,Electronics,208.96
43,Center,Home,296.68
44,Today,Electronics,896.85
45,Mother,Electronics,17.94
46,Management,Food,90.08
47,Explain,Clothing,211.85
48,Data,Electronics,31.4
49,Table,Electronics,185.53
50,Budget,Clothing,585.13
51,Give,Electronics,424.32
52,Commercial,Electronics,893.21
53,Side,Clothing,818.36
54,Low,Food,345.11
55,Raise,Electronics,263.13
56,Even,Clothing,382.79
57,Serious,Electronics,592.34
58,Cultural,Electronics,271.72
59,Address,Food,626.03
60,Since,Home,412.36
61,Green,Home,554.29
62,Street,Clothing,438.95
63,Find,Home,297.99
64,Out,Clothing,948.71
65,Represent,Home,764.79
66,Sometimes,Food,144.41
67,Data,Clothing,869.13
68,Continue,Home,489.99
69,Popular,Food,895.08
70,Total,Home,800.86
71,Purpose,Electronics,428.09
72,Watch,Electronics,27.36
73,Into,Food,272.33
74,The,Electronics,543.93
75,Late,Electronics,635.31
76,Myself,Clothing,261.6
77,Generation,Home,143.66
78,Before,Clothing,835.76
79,Institution,Home,984.48
80,Relationship,Electronics,528.06
81,Beyond,Clothing,175.82
82,Crime,Home,275.95
83,Challenge,Home,23.3
84,Me,Clothing,914.73
85,Game,Food,122.16
86,Would,Home,578.63
87,Energy,Electronics,277.68
88,According,Home,556.41
89,Every,Electronics,653.16
90,Identify,Clothing,830.59
91,Eat,Home,210.39
92,Likely,Electronics,15.94
93,Some,Electronics,141.2
94,Example,Clothing,900.52
95,Girl,Home,874.52
96,Five,Home,599.43
97,Pass,Clothing,602.51
98,Several,Home,666.71
99,Page,Clothing,179.49
100,Activity,Home,914.84
